1	1	194850757
2	10	47997241
3	11	87554214
4	12	155355395
5	13	143360832
6	14	163896628
7	15	109054052
8	16	84478945
9	17	85008467
10	18	69800736
11	19	57279966
12	2	174332312
13	20	33191332
14	21	15578276
15	3	155691105
16	4	91394100
17	5	37992211
18	6	27502587
19	7	173684459
20	8	111795807
21	9	116251907
22	MT	17245
23	X	111700775
24	AAGW02084024	3025
25	AAGW02084023	3031
26	AAGW02084022	3070
27	AAGW02084021	3091
28	AAGW02084020	3188
29	AAGW02084019	3245
30	AAGW02084014	3478
31	AAGW02084013	3514
32	AAGW02084010	3579
33	AAGW02084007	3629
34	AAGW02084006	3673
35	AAGW02084005	3689
36	AAGW02084002	3751
37	AAGW02083999	4265
38	AAGW02083998	4373
39	AAGW02083997	4391
40	AAGW02083996	4449
41	AAGW02083995	4537
42	GL020026	4769
43	AAGW02083988	4911
44	AAGW02083987	4927
45	GL020020	4961
46	AAGW02083984	4971
47	AAGW02083983	4995
48	AAGW02083982	5002
49	AAGW02083981	5006
50	AAGW02083980	5025
51	AAGW02083979	5030
52	AAGW02083978	5031
53	AAGW02083977	5033
54	AAGW02083976	5041
55	AAGW02083975	5042
56	AAGW02083974	5046
57	AAGW02083972	5050
58	AAGW02083973	5050
59	AAGW02083971	5053
60	AAGW02083970	5053
61	AAGW02083969	5055
62	AAGW02083968	5058
63	AAGW02083966	5061
64	AAGW02083967	5061
65	AAGW02083964	5064
66	AAGW02083965	5064
67	AAGW02083961	5072
68	AAGW02083960	5074
69	AAGW02083959	5076
70	AAGW02083957	5080
71	AAGW02083958	5080
72	AAGW02083956	5086
73	AAGW02083953	5087
74	AAGW02083952	5089
75	AAGW02083950	5096
76	AAGW02083949	5096
77	AAGW02083951	5096
78	AAGW02083946	5106
79	AAGW02083945	5109
80	AAGW02083944	5111
81	GL020025	5115
82	AAGW02083941	5117
83	AAGW02083940	5118
84	AAGW02083939	5120
85	AAGW02083938	5124
86	AAGW02083937	5125
87	AAGW02083936	5126
88	AAGW02083935	5129
89	AAGW02083934	5130
90	AAGW02083933	5131
91	AAGW02083930	5132
92	AAGW02083929	5139
93	AAGW02083928	5142
94	AAGW02083926	5147
95	AAGW02083927	5147
96	AAGW02083925	5152
97	AAGW02083924	5157
98	AAGW02083922	5158
99	AAGW02083923	5158
100	AAGW02083921	5160
101	GL020022	5162
102	AAGW02083919	5164
103	AAGW02083920	5164
104	AAGW02083918	5166
105	AAGW02083917	5168
106	AAGW02083916	5177
107	AAGW02083915	5179
108	AAGW02083913	5180
109	AAGW02083914	5180
110	AAGW02083912	5182
111	AAGW02083911	5182
112	AAGW02083910	5196
113	AAGW02083909	5201
114	AAGW02083908	5203
115	GL020014	5203
116	AAGW02083907	5205
117	AAGW02083906	5205
118	AAGW02083905	5205
119	AAGW02083903	5209
120	AAGW02083904	5209
121	AAGW02083902	5213
122	AAGW02083901	5213
123	AAGW02083900	5222
124	AAGW02083899	5223
125	AAGW02083898	5224
126	AAGW02083897	5224
127	AAGW02083896	5232
128	AAGW02083895	5233
129	AAGW02083893	5235
130	AAGW02083894	5235
131	AAGW02083889	5238
132	AAGW02083890	5238
133	AAGW02083888	5241
134	AAGW02083887	5246
135	AAGW02083886	5251
136	AAGW02083885	5254
137	AAGW02083884	5257
138	AAGW02083883	5258
139	AAGW02083882	5262
140	AAGW02083881	5263
141	AAGW02083880	5268
142	AAGW02083879	5274
143	AAGW02083878	5274
144	AAGW02083877	5277
145	AAGW02083873	5281
146	AAGW02083874	5281
147	AAGW02083870	5292
148	AAGW02083869	5295
149	AAGW02083868	5300
150	AAGW02083867	5302
151	AAGW02083864	5305
152	AAGW02083863	5308
153	AAGW02083862	5317
154	GL020015	5320
155	AAGW02083861	5329
156	GL020012	5340
157	AAGW02083860	5343
158	AAGW02083857	5351
159	AAGW02083856	5356
160	AAGW02083855	5358
161	AAGW02083854	5359
162	AAGW02083853	5361
163	AAGW02083852	5362
164	GL020013	5367
165	AAGW02083851	5371
166	AAGW02083850	5380
167	AAGW02083849	5385
168	GL020024	5386
169	AAGW02083848	5391
170	AAGW02083847	5392
171	AAGW02083846	5394
172	AAGW02083845	5397
173	AAGW02083844	5397
174	AAGW02083843	5398
175	AAGW02083842	5404
176	AAGW02083841	5407
177	AAGW02083840	5410
178	AAGW02083839	5424
179	AAGW02083838	5428
180	AAGW02083837	5428
181	AAGW02083836	5431
182	AAGW02083835	5435
183	AAGW02083834	5435
184	AAGW02083833	5436
185	GL020023	5438
186	AAGW02083832	5439
187	AAGW02083831	5439
188	AAGW02083830	5442
189	AAGW02083829	5442
190	AAGW02083828	5446
191	GL020017	5452
192	AAGW02083827	5453
193	AAGW02083825	5453
194	AAGW02083826	5453
195	AAGW02083823	5455
196	AAGW02083824	5455
197	AAGW02083822	5460
198	AAGW02083821	5469
199	AAGW02083820	5473
200	AAGW02083819	5474
201	AAGW02083818	5476
202	GL020016	5480
203	AAGW02083817	5484
204	AAGW02083816	5485
205	AAGW02083815	5486
206	AAGW02083814	5490
207	AAGW02083811	5495
208	AAGW02083810	5501
209	AAGW02083809	5506
210	AAGW02083808	5507
211	AAGW02083807	5508
212	AAGW02083806	5512
213	AAGW02083805	5512
214	AAGW02083804	5512
215	AAGW02083803	5520
216	AAGW02083802	5528
217	AAGW02083801	5528
218	AAGW02083800	5528
219	AAGW02083799	5530
220	AAGW02083798	5531
221	AAGW02083797	5533
222	AAGW02083796	5533
223	AAGW02083795	5534
224	AAGW02083794	5536
225	AAGW02083791	5538
226	AAGW02083790	5540
227	AAGW02083789	5541
228	AAGW02083786	5542
229	AAGW02083785	5544
230	AAGW02083784	5546
231	AAGW02083783	5555
232	AAGW02083782	5555
233	AAGW02083781	5556
234	AAGW02083780	5558
235	AAGW02083779	5561
236	GL020019	5572
237	AAGW02083778	5574
238	AAGW02083777	5577
239	AAGW02083776	5577
240	GL020010	5577
241	AAGW02083775	5580
242	AAGW02083774	5582
243	AAGW02083773	5585
244	AAGW02083772	5588
245	AAGW02083771	5594
246	AAGW02083770	5598
247	AAGW02083769	5603
248	AAGW02083768	5604
249	GL020008	5608
250	AAGW02083767	5609
251	AAGW02083766	5614
252	AAGW02083765	5617
253	AAGW02083764	5621
254	AAGW02083763	5630
255	AAGW02083762	5631
256	AAGW02083761	5635
257	GL020005	5637
258	AAGW02083760	5640
259	AAGW02083759	5641
260	AAGW02083758	5648
261	AAGW02083757	5648
262	AAGW02083756	5649
263	AAGW02083753	5662
264	AAGW02083752	5662
265	AAGW02083751	5664
266	AAGW02083750	5665
267	AAGW02083749	5675
268	AAGW02083748	5679
269	AAGW02083747	5683
270	AAGW02083746	5684
271	AAGW02083745	5689
272	AAGW02083744	5690
273	AAGW02083743	5691
274	AAGW02083742	5693
275	AAGW02083741	5697
276	AAGW02083738	5707
277	AAGW02083736	5709
278	AAGW02083737	5709
279	AAGW02083735	5711
280	AAGW02083734	5715
281	AAGW02083733	5716
282	AAGW02083732	5718
283	AAGW02083731	5723
284	AAGW02083729	5728
285	AAGW02083730	5728
286	AAGW02083728	5738
287	AAGW02083727	5740
288	AAGW02083726	5744
289	AAGW02083725	5749
290	AAGW02083724	5750
291	GL020003	5754
292	AAGW02083723	5755
293	AAGW02083722	5761
294	AAGW02083721	5763
295	AAGW02083718	5765
296	AAGW02083720	5765
297	AAGW02083719	5765
298	AAGW02083717	5773
299	AAGW02083716	5775
300	AAGW02083715	5781
301	AAGW02083713	5785
302	AAGW02083714	5785
303	AAGW02083712	5786
304	AAGW02083711	5788
305	AAGW02083710	5799
306	AAGW02083709	5802
307	AAGW02083708	5802
308	AAGW02083707	5804
309	AAGW02083706	5808
310	AAGW02083705	5809
311	AAGW02083704	5809
312	AAGW02083703	5810
313	GL020021	5815
314	AAGW02083700	5818
315	AAGW02083699	5823
316	AAGW02083698	5826
317	AAGW02083697	5831
318	AAGW02083696	5834
319	AAGW02083695	5834
320	AAGW02083694	5835
321	AAGW02083693	5837
322	AAGW02083692	5839
323	AAGW02083691	5840
324	AAGW02083690	5843
325	AAGW02083689	5844
326	AAGW02083688	5844
327	AAGW02083687	5854
328	AAGW02083686	5857
329	AAGW02083685	5869
330	AAGW02083684	5870
331	AAGW02083682	5879
332	AAGW02083683	5879
333	AAGW02083681	5880
334	AAGW02083680	5882
335	AAGW02083677	5893
336	AAGW02083676	5900
337	AAGW02083675	5909
338	AAGW02083674	5912
339	AAGW02083673	5916
340	AAGW02083672	5918
341	GL020001	5918
342	AAGW02083671	5923
343	AAGW02083670	5924
344	AAGW02083669	5926
345	AAGW02083668	5928
346	AAGW02083667	5929
347	GL020009	5930
348	AAGW02083666	5931
349	AAGW02083665	5932
350	AAGW02083664	5938
351	AAGW02083663	5939
352	AAGW02083662	5939
353	AAGW02083656	5945
354	AAGW02083655	5946
355	AAGW02083654	5948
356	AAGW02083653	5954
357	AAGW02083652	5958
358	AAGW02083651	5962
359	AAGW02083650	5964
360	AAGW02083649	5967
361	AAGW02083648	5975
362	AAGW02083647	5979
363	AAGW02083646	5990
364	AAGW02083645	6001
365	AAGW02083644	6006
366	AAGW02083643	6008
367	AAGW02083640	6013
368	AAGW02083639	6016
369	AAGW02083638	6017
370	AAGW02083637	6018
371	AAGW02083636	6023
372	AAGW02083635	6032
373	AAGW02083634	6036
374	AAGW02083633	6042
375	AAGW02083632	6042
376	AAGW02083631	6043
377	AAGW02083628	6051
378	GL020018	6055
379	AAGW02083627	6057
380	AAGW02083626	6065
381	AAGW02083625	6070
382	AAGW02083624	6074
383	AAGW02083621	6078
384	AAGW02083620	6079
385	AAGW02083619	6083
386	AAGW02083616	6090
387	AAGW02083615	6093
388	AAGW02083614	6096
389	AAGW02083613	6101
390	GL019997	6111
391	AAGW02083612	6114
392	AAGW02083611	6117
393	AAGW02083610	6120
394	AAGW02083609	6124
395	AAGW02083608	6127
396	AAGW02083607	6128
397	AAGW02083606	6129
398	AAGW02083605	6130
399	AAGW02083604	6130
400	AAGW02083603	6131
401	AAGW02083602	6132
402	GL019996	6144
403	GL020006	6146
404	AAGW02083601	6147
405	AAGW02083600	6154
406	AAGW02083599	6162
407	AAGW02083598	6163
408	AAGW02083597	6163
409	AAGW02083596	6165
410	AAGW02083595	6169
411	AAGW02083592	6176
412	AAGW02083591	6176
413	AAGW02083590	6179
414	AAGW02083589	6180
415	AAGW02083588	6180
416	AAGW02083587	6184
417	GL019994	6186
418	AAGW02083586	6187
419	AAGW02083585	6189
420	AAGW02083583	6191
421	AAGW02083584	6191
422	AAGW02083582	6192
423	AAGW02083581	6196
424	AAGW02083580	6198
425	AAGW02083579	6201
426	AAGW02083578	6202
427	AAGW02083576	6204
428	AAGW02083577	6204
429	AAGW02083575	6207
430	AAGW02083573	6207
431	AAGW02083574	6207
432	AAGW02083571	6211
433	AAGW02083572	6211
434	AAGW02083570	6224
435	AAGW02083569	6226
436	AAGW02083568	6229
437	AAGW02083567	6230
438	AAGW02083566	6236
439	AAGW02083565	6244
440	AAGW02083564	6245
441	AAGW02083563	6247
442	AAGW02083562	6249
443	AAGW02083561	6258
444	AAGW02083560	6262
445	AAGW02083557	6263
446	AAGW02083556	6264
447	AAGW02083555	6265
448	AAGW02083554	6266
449	AAGW02083553	6266
450	AAGW02083552	6267
451	AAGW02083551	6271
452	AAGW02083550	6272
453	AAGW02083549	6277
454	AAGW02083548	6282
455	AAGW02083547	6283
456	AAGW02083546	6284
457	AAGW02083545	6284
458	AAGW02083544	6285
459	AAGW02083543	6286
460	AAGW02083542	6291
461	AAGW02083541	6295
462	AAGW02083540	6295
463	AAGW02083539	6301
464	AAGW02083538	6304
465	AAGW02083537	6310
466	AAGW02083534	6323
467	AAGW02083533	6326
468	AAGW02083532	6328
469	GL020002	6328
470	AAGW02083531	6330
471	AAGW02083530	6342
472	AAGW02083529	6343
473	AAGW02083528	6347
474	AAGW02083527	6349
475	AAGW02083526	6352
476	AAGW02083525	6354
477	AAGW02083524	6356
478	GL019992	6363
479	AAGW02083523	6367
480	AAGW02083522	6370
481	AAGW02083521	6371
482	GL019998	6373
483	AAGW02083520	6380
484	AAGW02083519	6380
485	AAGW02083518	6386
486	AAGW02083517	6387
487	AAGW02083516	6387
488	AAGW02083515	6392
489	AAGW02083514	6395
490	AAGW02083513	6396
491	AAGW02083512	6400
492	AAGW02083511	6401
493	AAGW02083510	6403
494	AAGW02083509	6406
495	AAGW02083508	6411
496	AAGW02083507	6411
497	AAGW02083506	6411
498	AAGW02083505	6414
499	AAGW02083504	6428
500	AAGW02083503	6439
501	AAGW02083502	6449
502	AAGW02083501	6450
503	AAGW02083500	6458
504	AAGW02083499	6462
505	AAGW02083498	6463
506	AAGW02083497	6467
507	AAGW02083496	6471
508	AAGW02083494	6477
509	AAGW02083495	6477
510	AAGW02083493	6480
511	AAGW02083492	6481
512	AAGW02083491	6486
513	AAGW02083490	6492
514	AAGW02083489	6497
515	GL019993	6497
516	AAGW02083488	6498
517	AAGW02083487	6506
518	AAGW02083485	6509
519	AAGW02083484	6509
520	AAGW02083486	6509
521	AAGW02083483	6511
522	AAGW02083482	6512
523	AAGW02083481	6518
524	AAGW02083480	6518
525	AAGW02083479	6524
526	AAGW02083478	6526
527	AAGW02083477	6527
528	AAGW02083475	6531
529	AAGW02083476	6531
530	AAGW02083474	6534
531	AAGW02083473	6535
532	AAGW02083472	6536
533	AAGW02083471	6548
534	AAGW02083470	6550
535	AAGW02083469	6552
536	AAGW02083468	6554
537	GL020011	6558
538	AAGW02083467	6560
539	AAGW02083464	6563
540	AAGW02083465	6563
541	AAGW02083466	6563
542	AAGW02083462	6571
543	AAGW02083463	6571
544	AAGW02083461	6584
545	AAGW02083460	6584
546	AAGW02083459	6587
547	AAGW02083458	6591
548	AAGW02083457	6594
549	AAGW02083456	6594
550	GL020000	6597
551	AAGW02083455	6599
552	AAGW02083454	6604
553	AAGW02083453	6606
554	AAGW02083452	6611
555	AAGW02083450	6612
556	AAGW02083451	6612
557	AAGW02083449	6618
558	AAGW02083448	6622
559	AAGW02083447	6623
560	AAGW02083446	6624
561	AAGW02083445	6626
562	AAGW02083444	6633
563	AAGW02083443	6634
564	AAGW02083442	6638
565	AAGW02083441	6646
566	AAGW02083440	6652
567	AAGW02083439	6655
568	AAGW02083438	6663
569	AAGW02083435	6667
570	AAGW02083434	6678
571	AAGW02083433	6678
572	AAGW02083432	6687
573	AAGW02083430	6691
574	AAGW02083431	6691
575	AAGW02083429	6692
576	AAGW02083427	6694
577	AAGW02083428	6694
578	AAGW02083426	6695
579	AAGW02083425	6701
580	AAGW02083424	6702
581	AAGW02083423	6714
582	AAGW02083422	6716
583	AAGW02083421	6718
584	AAGW02083420	6729
585	AAGW02083419	6750
586	AAGW02083418	6751
587	AAGW02083417	6753
588	AAGW02083416	6755
589	AAGW02083413	6757
590	AAGW02083412	6761
591	AAGW02083411	6762
592	AAGW02083410	6766
593	AAGW02083408	6766
594	AAGW02083409	6766
595	AAGW02083407	6768
596	AAGW02083406	6770
597	AAGW02083404	6776
598	AAGW02083405	6776
599	AAGW02083403	6778
600	AAGW02083402	6779
601	AAGW02083400	6782
602	AAGW02083401	6782
603	AAGW02083398	6786
604	AAGW02083399	6786
605	AAGW02083397	6787
606	AAGW02083394	6788
607	GL019991	6793
608	AAGW02083393	6794
609	AAGW02083392	6794
610	AAGW02083391	6794
611	AAGW02083390	6796
612	AAGW02083389	6796
613	AAGW02083388	6799
614	AAGW02083387	6801
615	AAGW02083386	6806
616	AAGW02083385	6812
617	AAGW02083382	6815
618	AAGW02083381	6818
619	AAGW02083380	6822
620	AAGW02083379	6822
621	AAGW02083378	6824
622	AAGW02083377	6827
623	AAGW02083376	6838
624	AAGW02083375	6845
625	AAGW02083374	6847
626	AAGW02083373	6847
627	AAGW02083372	6849
628	AAGW02083371	6852
629	AAGW02083370	6852
630	AAGW02083369	6854
631	AAGW02083367	6856
632	AAGW02083368	6856
633	GL019989	6856
634	AAGW02083366	6857
635	AAGW02083365	6861
636	AAGW02083364	6864
637	AAGW02083362	6866
638	AAGW02083363	6866
639	AAGW02083361	6867
640	AAGW02083360	6872
641	AAGW02083359	6876
642	AAGW02083358	6882
643	AAGW02083357	6883
644	AAGW02083354	6886
645	AAGW02083353	6887
646	AAGW02083352	6889
647	AAGW02083351	6891
648	AAGW02083350	6896
649	AAGW02083349	6903
650	AAGW02083348	6908
651	AAGW02083346	6913
652	AAGW02083347	6913
653	GL019987	6915
654	AAGW02083345	6926
655	AAGW02083344	6927
656	AAGW02083343	6928
657	AAGW02083342	6930
658	AAGW02083340	6932
659	AAGW02083341	6932
660	AAGW02083339	6933
661	AAGW02083338	6934
662	AAGW02083335	6938
663	AAGW02083334	6939
664	AAGW02083333	6940
665	AAGW02083332	6941
666	AAGW02083331	6947
667	AAGW02083330	6949
668	AAGW02083329	6950
669	AAGW02083328	6956
670	AAGW02083326	6962
671	AAGW02083327	6962
672	AAGW02083324	6965
673	AAGW02083325	6965
674	AAGW02083323	6971
675	AAGW02083322	6973
676	AAGW02083321	6974
677	AAGW02083320	6980
678	AAGW02083319	6981
679	AAGW02083317	6992
680	AAGW02083318	6992
681	AAGW02083316	6995
682	AAGW02083315	6996
683	AAGW02083312	7006
684	AAGW02083311	7008
685	AAGW02083310	7017
686	AAGW02083309	7018
687	AAGW02083308	7021
688	AAGW02083307	7022
689	AAGW02083306	7023
690	AAGW02083305	7027
691	AAGW02083304	7030
692	AAGW02083303	7033
693	AAGW02083302	7034
694	AAGW02083300	7036
695	AAGW02083301	7036
696	AAGW02083299	7040
697	AAGW02083298	7049
698	AAGW02083295	7056
699	AAGW02083294	7059
700	AAGW02083293	7060
701	AAGW02083292	7069
702	AAGW02083291	7075
703	AAGW02083290	7079
704	AAGW02083289	7081
705	AAGW02083288	7082
706	AAGW02083287	7089
707	AAGW02083286	7090
708	AAGW02083285	7094
709	AAGW02083284	7103
710	AAGW02083282	7105
711	AAGW02083283	7105
712	GL019984	7106
713	AAGW02083281	7110
714	AAGW02083280	7114
715	AAGW02083279	7117
716	AAGW02083278	7118
717	AAGW02083277	7124
718	AAGW02083276	7125
719	AAGW02083275	7131
720	AAGW02083274	7134
721	AAGW02083273	7139
722	AAGW02083272	7142
723	AAGW02083270	7143
724	AAGW02083271	7143
725	AAGW02083269	7145
726	AAGW02083268	7153
727	AAGW02083267	7155
728	AAGW02083266	7159
729	AAGW02083265	7170
730	AAGW02083264	7186
731	AAGW02083263	7188
732	AAGW02083262	7190
733	AAGW02083261	7194
734	AAGW02083260	7201
735	AAGW02083259	7209
736	AAGW02083257	7211
737	AAGW02083258	7211
738	AAGW02083256	7215
739	AAGW02083255	7228
740	AAGW02083254	7229
741	AAGW02083253	7232
742	AAGW02083252	7243
743	AAGW02083251	7245
744	AAGW02083249	7257
745	AAGW02083250	7257
746	AAGW02083248	7259
747	AAGW02083247	7262
748	AAGW02083246	7266
749	AAGW02083245	7278
750	AAGW02083244	7282
751	AAGW02083243	7286
752	GL019986	7286
753	AAGW02083242	7289
754	AAGW02083241	7293
755	AAGW02083240	7296
756	AAGW02083239	7298
757	AAGW02083238	7306
758	AAGW02083237	7309
759	AAGW02083236	7310
760	AAGW02083235	7313
761	AAGW02083234	7315
762	AAGW02083233	7316
763	AAGW02083232	7319
764	AAGW02083231	7322
765	AAGW02083230	7322
766	AAGW02083229	7323
767	AAGW02083227	7326
768	AAGW02083228	7326
769	AAGW02083226	7327
770	AAGW02083225	7331
771	AAGW02083224	7340
772	AAGW02083223	7342
773	AAGW02083222	7362
774	AAGW02083221	7363
775	AAGW02083220	7365
776	AAGW02083219	7366
777	AAGW02083218	7369
778	AAGW02083217	7375
779	AAGW02083216	7377
780	AAGW02083215	7382
781	AAGW02083214	7383
782	AAGW02083212	7385
783	AAGW02083213	7385
784	AAGW02083211	7386
785	AAGW02083210	7391
786	AAGW02083209	7398
787	AAGW02083208	7398
788	AAGW02083207	7400
789	AAGW02083206	7401
790	AAGW02083205	7404
791	AAGW02083204	7408
792	AAGW02083200	7416
793	AAGW02083201	7416
794	AAGW02083199	7417
795	AAGW02083198	7419
796	AAGW02083197	7421
797	AAGW02083196	7423
798	AAGW02083195	7424
799	AAGW02083194	7426
800	AAGW02083193	7430
801	AAGW02083189	7434
802	AAGW02083188	7436
803	AAGW02083187	7438
804	AAGW02083186	7440
805	AAGW02083185	7443
806	AAGW02083184	7446
807	AAGW02083181	7447
808	AAGW02083180	7450
809	AAGW02083179	7454
810	AAGW02083178	7455
811	AAGW02083177	7470
812	AAGW02083176	7478
813	AAGW02083175	7493
814	AAGW02083174	7497
815	GL019985	7497
816	AAGW02083173	7499
817	AAGW02083172	7500
818	AAGW02083171	7504
819	AAGW02083170	7505
820	AAGW02083169	7506
821	AAGW02083168	7511
822	GL019982	7511
823	AAGW02083167	7518
824	AAGW02083166	7520
825	AAGW02083165	7524
826	AAGW02083164	7526
827	GL020004	7527
828	AAGW02083163	7529
829	AAGW02083162	7531
830	AAGW02083159	7535
831	AAGW02083158	7544
832	GL019980	7546
833	AAGW02083157	7549
834	AAGW02083156	7549
835	AAGW02083155	7559
836	AAGW02083152	7563
837	AAGW02083151	7564
838	AAGW02083150	7565
839	AAGW02083149	7569
840	AAGW02083148	7571
841	AAGW02083147	7573
842	GL019990	7575
843	AAGW02083146	7580
844	AAGW02083145	7589
845	AAGW02083144	7600
846	AAGW02083142	7604
847	AAGW02083143	7604
848	AAGW02083141	7612
849	AAGW02083140	7613
850	AAGW02083139	7615
851	AAGW02083138	7628
852	AAGW02083137	7631
853	AAGW02083136	7639
854	AAGW02083135	7640
855	AAGW02083134	7644
856	GL019979	7657
857	AAGW02083133	7671
858	AAGW02083132	7674
859	AAGW02083131	7696
860	AAGW02083130	7700
861	AAGW02083127	7713
862	AAGW02083125	7718
863	AAGW02083126	7718
864	AAGW02083124	7720
865	AAGW02083123	7724
866	AAGW02083122	7732
867	AAGW02083121	7735
868	AAGW02083119	7735
869	AAGW02083120	7735
870	AAGW02083118	7740
871	AAGW02083116	7747
872	AAGW02083117	7747
873	AAGW02083115	7749
874	AAGW02083114	7751
875	AAGW02083112	7759
876	AAGW02083113	7759
877	AAGW02083110	7763
878	AAGW02083111	7763
879	AAGW02083109	7770
880	AAGW02083108	7772
881	GL019983	7774
882	AAGW02083107	7777
883	AAGW02083105	7789
884	AAGW02083106	7789
885	AAGW02083104	7792
886	AAGW02083103	7795
887	AAGW02083102	7800
888	AAGW02083099	7819
889	AAGW02083098	7821
890	AAGW02083097	7823
891	AAGW02083096	7824
892	AAGW02083095	7829
893	AAGW02083094	7830
894	AAGW02083093	7834
895	AAGW02083092	7834
896	AAGW02083091	7845
897	AAGW02083090	7854
898	AAGW02083088	7864
899	AAGW02083089	7864
900	AAGW02083087	7869
901	AAGW02083086	7870
902	AAGW02083085	7874
903	AAGW02083084	7876
904	AAGW02083082	7881
905	AAGW02083083	7881
906	AAGW02083081	7883
907	GL019995	7883
908	AAGW02083079	7890
909	AAGW02083080	7890
910	AAGW02083078	7894
911	AAGW02083077	7896
912	AAGW02083076	7898
913	AAGW02083073	7908
914	AAGW02083072	7916
915	AAGW02083071	7925
916	AAGW02083070	7925
917	AAGW02083069	7932
918	AAGW02083068	7939
919	AAGW02083067	7941
920	AAGW02083066	7946
921	AAGW02083065	7962
922	AAGW02083064	7982
923	AAGW02083063	7983
924	AAGW02083062	7986
925	AAGW02083061	7995
926	AAGW02083060	8007
927	AAGW02083059	8007
928	AAGW02083058	8011
929	AAGW02083057	8025
930	AAGW02083056	8029
931	AAGW02083055	8036
932	AAGW02083054	8039
933	AAGW02083053	8045
934	AAGW02083052	8049
935	AAGW02083051	8051
936	AAGW02083050	8052
937	AAGW02083049	8055
938	AAGW02083048	8060
939	AAGW02083047	8061
940	AAGW02083046	8067
941	AAGW02083045	8070
942	GL019988	8081
943	AAGW02083044	8086
944	GL020007	8090
945	AAGW02083043	8103
946	AAGW02083042	8129
947	AAGW02083041	8134
948	AAGW02083038	8158
949	AAGW02083037	8166
950	AAGW02083036	8176
951	AAGW02083035	8177
952	AAGW02083034	8184
953	AAGW02083033	8194
954	AAGW02083032	8196
955	AAGW02083031	8217
956	AAGW02083030	8234
957	AAGW02083029	8240
958	AAGW02083028	8243
959	AAGW02083026	8252
960	AAGW02083027	8252
961	AAGW02083025	8253
962	AAGW02083024	8255
963	AAGW02083023	8256
964	AAGW02083022	8262
965	AAGW02083021	8285
966	GL019977	8287
967	AAGW02083020	8297
968	AAGW02083019	8306
969	AAGW02083018	8320
970	AAGW02083017	8324
971	AAGW02083016	8330
972	AAGW02083015	8332
973	AAGW02083014	8340
974	AAGW02083013	8347
975	AAGW02083012	8359
976	AAGW02083011	8365
977	AAGW02083010	8378
978	AAGW02083009	8397
979	AAGW02083008	8409
980	GL019974	8413
981	AAGW02083007	8414
982	AAGW02083006	8415
983	AAGW02083005	8417
984	AAGW02083004	8431
985	AAGW02083003	8435
986	AAGW02083002	8441
987	AAGW02083001	8451
988	AAGW02082998	8456
989	AAGW02082997	8458
990	AAGW02082996	8467
991	AAGW02082995	8469
992	AAGW02082994	8472
993	AAGW02082992	8473
994	AAGW02082993	8473
995	AAGW02082991	8476
996	AAGW02082990	8485
997	AAGW02082989	8490
998	AAGW02082987	8491
999	AAGW02082988	8491
1000	AAGW02082986	8493
1001	AAGW02082985	8499
1002	AAGW02082984	8500
1003	AAGW02082983	8501
1004	AAGW02082981	8505
1005	AAGW02082982	8505
1006	AAGW02082980	8511
1007	AAGW02082979	8519
1008	AAGW02082978	8521
1009	AAGW02082977	8523
1010	AAGW02082976	8523
1011	AAGW02082973	8533
1012	AAGW02082975	8533
1013	AAGW02082974	8533
1014	AAGW02082972	8540
1015	AAGW02082971	8555
1016	AAGW02082970	8555
1017	AAGW02082969	8561
1018	AAGW02082968	8576
1019	AAGW02082967	8578
1020	AAGW02082966	8578
1021	AAGW02082965	8588
1022	AAGW02082964	8589
1023	AAGW02082962	8599
1024	AAGW02082963	8599
1025	AAGW02082961	8602
1026	AAGW02082960	8614
1027	AAGW02082959	8615
1028	AAGW02082958	8633
1029	AAGW02082957	8645
1030	AAGW02082956	8652
1031	AAGW02082955	8657
1032	AAGW02082954	8669
1033	AAGW02082953	8670
1034	AAGW02082952	8681
1035	AAGW02082951	8688
1036	AAGW02082950	8695
1037	AAGW02082949	8697
1038	AAGW02082946	8716
1039	AAGW02082945	8725
1040	AAGW02082944	8731
1041	AAGW02082943	8732
1042	AAGW02082942	8739
1043	AAGW02082941	8740
1044	AAGW02082940	8744
1045	AAGW02082939	8750
1046	AAGW02082938	8756
1047	AAGW02082936	8758
1048	AAGW02082937	8758
1049	GL019973	8763
1050	AAGW02082935	8767
1051	AAGW02082934	8780
1052	AAGW02082930	8788
1053	GL019972	8811
1054	AAGW02082929	8813
1055	AAGW02082928	8815
1056	AAGW02082927	8829
1057	AAGW02082926	8846
1058	AAGW02082925	8856
1059	AAGW02082924	8860
1060	AAGW02082923	8867
1061	AAGW02082922	8869
1062	AAGW02082921	8882
1063	AAGW02082920	8889
1064	AAGW02082919	8891
1065	AAGW02082918	8900
1066	AAGW02082916	8906
1067	AAGW02082917	8906
1068	AAGW02082915	8908
1069	AAGW02082914	8912
1070	AAGW02082913	8920
1071	AAGW02082912	8936
1072	AAGW02082910	8937
1073	AAGW02082911	8937
1074	AAGW02082909	8946
1075	AAGW02082908	8949
1076	AAGW02082906	8950
1077	AAGW02082907	8950
1078	AAGW02082905	8951
1079	AAGW02082904	8953
1080	AAGW02082903	8957
1081	AAGW02082902	8958
1082	AAGW02082901	8976
1083	AAGW02082897	8988
1084	AAGW02082898	8988
1085	AAGW02082896	8996
1086	AAGW02082895	9004
1087	AAGW02082894	9013
1088	AAGW02082893	9049
1089	AAGW02082892	9051
1090	AAGW02082891	9058
1091	AAGW02082890	9060
1092	AAGW02082889	9063
1093	AAGW02082888	9065
1094	AAGW02082887	9074
1095	AAGW02082886	9078
1096	AAGW02082885	9081
1097	AAGW02082884	9083
1098	AAGW02082883	9089
1099	AAGW02082882	9094
1100	AAGW02082881	9097
1101	AAGW02082880	9101
1102	AAGW02082879	9103
1103	AAGW02082878	9105
1104	AAGW02082877	9115
1105	AAGW02082876	9116
1106	AAGW02082875	9119
1107	AAGW02082874	9123
1108	AAGW02082873	9133
1109	AAGW02082872	9149
1110	AAGW02082871	9157
1111	AAGW02082870	9159
1112	AAGW02082869	9160
1113	AAGW02082868	9163
1114	AAGW02082867	9174
1115	AAGW02082866	9178
1116	AAGW02082865	9184
1117	AAGW02082864	9195
1118	AAGW02082863	9197
1119	AAGW02082862	9212
1120	AAGW02082861	9230
1121	AAGW02082860	9233
1122	AAGW02082859	9253
1123	AAGW02082858	9257
1124	AAGW02082857	9267
1125	AAGW02082856	9276
1126	AAGW02082854	9306
1127	AAGW02082855	9306
1128	AAGW02082853	9313
1129	AAGW02082852	9315
1130	AAGW02082851	9316
1131	AAGW02082850	9320
1132	AAGW02082849	9322
1133	AAGW02082848	9336
1134	AAGW02082847	9377
1135	AAGW02082846	9383
1136	AAGW02082845	9391
1137	AAGW02082844	9403
1138	AAGW02082843	9407
1139	AAGW02082842	9408
1140	AAGW02082841	9410
1141	AAGW02082840	9412
1142	AAGW02082839	9475
1143	AAGW02082837	9483
1144	AAGW02082838	9483
1145	GL019971	9493
1146	AAGW02082836	9495
1147	AAGW02082835	9501
1148	AAGW02082834	9507
1149	AAGW02082833	9511
1150	AAGW02082832	9523
1151	AAGW02082831	9531
1152	AAGW02082830	9534
1153	AAGW02082827	9557
1154	AAGW02082826	9557
1155	AAGW02082823	9569
1156	AAGW02082822	9578
1157	AAGW02082821	9590
1158	AAGW02082820	9595
1159	AAGW02082817	9627
1160	AAGW02082816	9635
1161	AAGW02082815	9640
1162	AAGW02082814	9643
1163	AAGW02082813	9644
1164	AAGW02082812	9648
1165	AAGW02082811	9676
1166	AAGW02082809	9677
1167	AAGW02082810	9677
1168	AAGW02082808	9678
1169	AAGW02082807	9707
1170	AAGW02082806	9724
1171	AAGW02082805	9729
1172	AAGW02082804	9736
1173	AAGW02082803	9745
1174	AAGW02082802	9746
1175	AAGW02082801	9747
1176	AAGW02082799	9758
1177	AAGW02082800	9758
1178	AAGW02082798	9764
1179	AAGW02082797	9766
1180	AAGW02082793	9779
1181	AAGW02082792	9817
1182	AAGW02082791	9826
1183	AAGW02082789	9842
1184	AAGW02082790	9842
1185	AAGW02082788	9845
1186	AAGW02082787	9847
1187	AAGW02082786	9853
1188	AAGW02082785	9856
1189	GL019968	9857
1190	AAGW02082784	9865
1191	GL019969	9875
1192	AAGW02082783	9876
1193	AAGW02082782	9884
1194	AAGW02082781	9908
1195	AAGW02082778	9924
1196	AAGW02082777	9934
1197	AAGW02082776	9956
1198	AAGW02082775	9960
1199	AAGW02082773	9968
1200	AAGW02082774	9968
1201	GL019967	9977
1202	AAGW02082770	9987
1203	AAGW02082769	10001
1204	AAGW02082768	10021
1205	AAGW02082767	10024
1206	AAGW02082766	10033
1207	AAGW02082765	10035
1208	AAGW02082764	10037
1209	AAGW02082763	10057
1210	AAGW02082762	10077
1211	GL019964	10079
1212	AAGW02082761	10080
1213	AAGW02082760	10098
1214	AAGW02082759	10111
1215	AAGW02082758	10123
1216	AAGW02082757	10136
1217	AAGW02082756	10149
1218	AAGW02082755	10153
1219	AAGW02082754	10158
1220	AAGW02082752	10159
1221	AAGW02082753	10159
1222	GL019976	10174
1223	GL019965	10176
1224	AAGW02082751	10195
1225	AAGW02082750	10209
1226	AAGW02082749	10213
1227	AAGW02082748	10216
1228	AAGW02082747	10227
1229	AAGW02082746	10244
1230	AAGW02082745	10252
1231	AAGW02082743	10269
1232	AAGW02082744	10269
1233	AAGW02082742	10278
1234	AAGW02082741	10288
1235	AAGW02082740	10292
1236	AAGW02082739	10302
1237	AAGW02082738	10303
1238	AAGW02082737	10308
1239	AAGW02082736	10309
1240	AAGW02082735	10313
1241	AAGW02082734	10316
1242	AAGW02082733	10321
1243	AAGW02082732	10337
1244	AAGW02082729	10357
1245	AAGW02082728	10422
1246	AAGW02082727	10434
1247	AAGW02082726	10443
1248	GL019963	10451
1249	AAGW02082725	10465
1250	AAGW02082724	10472
1251	AAGW02082723	10475
1252	AAGW02082722	10484
1253	AAGW02082721	10486
1254	AAGW02082720	10489
1255	AAGW02082719	10494
1256	AAGW02082718	10528
1257	AAGW02082717	10528
1258	AAGW02082716	10533
1259	AAGW02082715	10534
1260	AAGW02082714	10546
1261	AAGW02082713	10561
1262	AAGW02082712	10576
1263	AAGW02082711	10596
1264	AAGW02082710	10602
1265	AAGW02082709	10629
1266	GL019978	10629
1267	AAGW02082708	10634
1268	AAGW02082707	10647
1269	AAGW02082706	10650
1270	AAGW02082703	10659
1271	AAGW02082697	10700
1272	AAGW02082696	10701
1273	AAGW02082695	10705
1274	AAGW02082694	10733
1275	AAGW02082693	10734
1276	AAGW02082692	10745
1277	AAGW02082691	10753
1278	AAGW02082690	10757
1279	AAGW02082689	10783
1280	AAGW02082688	10789
1281	AAGW02082687	10799
1282	AAGW02082686	10800
1283	AAGW02082685	10812
1284	AAGW02082684	10837
1285	AAGW02082683	10841
1286	AAGW02082682	10860
1287	AAGW02082681	10864
1288	AAGW02082680	10867
1289	AAGW02082679	10876
1290	AAGW02082678	10883
1291	AAGW02082677	10884
1292	AAGW02082676	10885
1293	AAGW02082675	10886
1294	AAGW02082674	10890
1295	AAGW02082673	10894
1296	AAGW02082672	10897
1297	GL019999	10898
1298	AAGW02082671	10926
1299	AAGW02082670	10930
1300	AAGW02082669	10934
1301	AAGW02082668	10949
1302	AAGW02082667	10951
1303	AAGW02082666	10993
1304	AAGW02082665	10999
1305	AAGW02082664	11001
1306	AAGW02082663	11006
1307	AAGW02082662	11009
1308	AAGW02082661	11009
1309	AAGW02082660	11016
1310	AAGW02082659	11020
1311	AAGW02082658	11027
1312	AAGW02082656	11037
1313	AAGW02082657	11037
1314	AAGW02082655	11038
1315	AAGW02082654	11044
1316	AAGW02082653	11053
1317	AAGW02082652	11069
1318	AAGW02082651	11074
1319	AAGW02082648	11080
1320	AAGW02082647	11097
1321	AAGW02082646	11099
1322	AAGW02082645	11104
1323	AAGW02082644	11117
1324	AAGW02082643	11120
1325	AAGW02082642	11120
1326	AAGW02082641	11139
1327	AAGW02082638	11163
1328	AAGW02082637	11168
1329	AAGW02082636	11170
1330	GL019959	11176
1331	AAGW02082635	11185
1332	AAGW02082634	11198
1333	AAGW02082633	11216
1334	AAGW02082632	11251
1335	AAGW02082631	11263
1336	AAGW02082630	11266
1337	AAGW02082627	11332
1338	AAGW02082626	11340
1339	AAGW02082625	11363
1340	AAGW02082624	11382
1341	AAGW02082623	11383
1342	AAGW02082622	11425
1343	AAGW02082621	11467
1344	AAGW02082620	11474
1345	AAGW02082619	11480
1346	AAGW02082618	11484
1347	AAGW02082617	11489
1348	AAGW02082616	11492
1349	AAGW02082615	11501
1350	AAGW02082613	11507
1351	AAGW02082614	11507
1352	AAGW02082612	11508
1353	AAGW02082611	11539
1354	AAGW02082610	11540
1355	AAGW02082609	11550
1356	AAGW02082605	11603
1357	AAGW02082604	11608
1358	AAGW02082603	11618
1359	AAGW02082602	11619
1360	AAGW02082601	11655
1361	AAGW02082600	11664
1362	AAGW02082599	11688
1363	AAGW02082598	11691
1364	AAGW02082597	11692
1365	AAGW02082596	11698
1366	AAGW02082595	11708
1367	AAGW02082594	11710
1368	AAGW02082593	11725
1369	AAGW02082592	11732
1370	AAGW02082591	11736
1371	AAGW02082590	11738
1372	AAGW02082589	11739
1373	GL019962	11753
1374	AAGW02082588	11773
1375	AAGW02082587	11774
1376	AAGW02082586	11793
1377	AAGW02082585	11819
1378	AAGW02082581	11839
1379	AAGW02082580	11842
1380	AAGW02082579	11848
1381	AAGW02082576	11866
1382	AAGW02082575	11868
1383	AAGW02082574	11882
1384	AAGW02082573	11901
1385	AAGW02082572	11911
1386	AAGW02082571	11912
1387	AAGW02082567	11914
1388	AAGW02082566	11917
1389	AAGW02082565	11949
1390	AAGW02082564	11958
1391	AAGW02082563	11960
1392	AAGW02082562	11975
1393	AAGW02082559	12001
1394	AAGW02082554	12021
1395	AAGW02082553	12034
1396	AAGW02082552	12035
1397	AAGW02082551	12052
1398	AAGW02082550	12058
1399	AAGW02082549	12064
1400	AAGW02082542	12081
1401	AAGW02082541	12103
1402	AAGW02082540	12105
1403	AAGW02082539	12123
1404	AAGW02082538	12133
1405	GL019966	12142
1406	AAGW02082537	12147
1407	AAGW02082534	12208
1408	AAGW02082533	12220
1409	AAGW02082532	12227
1410	AAGW02082531	12245
1411	AAGW02082530	12259
1412	AAGW02082527	12265
1413	GL019955	12295
1414	AAGW02082526	12306
1415	AAGW02082525	12316
1416	AAGW02082524	12320
1417	AAGW02082521	12341
1418	GL019950	12346
1419	AAGW02082520	12367
1420	AAGW02082519	12368
1421	AAGW02082516	12370
1422	AAGW02082515	12371
1423	AAGW02082514	12378
1424	AAGW02082513	12401
1425	GL019952	12408
1426	AAGW02082512	12420
1427	AAGW02082511	12433
1428	AAGW02082510	12442
1429	AAGW02082509	12450
1430	AAGW02082508	12458
1431	AAGW02082507	12459
1432	AAGW02082506	12494
1433	AAGW02082505	12499
1434	AAGW02082504	12508
1435	AAGW02082503	12508
1436	AAGW02082502	12521
1437	AAGW02082501	12536
1438	AAGW02082500	12544
1439	AAGW02082499	12552
1440	GL019958	12555
1441	AAGW02082498	12561
1442	AAGW02082497	12574
1443	GL019945	12602
1444	AAGW02082496	12630
1445	GL019954	12630
1446	AAGW02082495	12635
1447	GL019957	12649
1448	AAGW02082492	12654
1449	AAGW02082491	12672
1450	AAGW02082490	12676
1451	AAGW02082489	12680
1452	GL019970	12701
1453	AAGW02082485	12703
1454	AAGW02082484	12707
1455	GL019960	12717
1456	AAGW02082479	12722
1457	AAGW02082478	12755
1458	GL019943	12769
1459	AAGW02082477	12780
1460	AAGW02082476	12792
1461	AAGW02082475	12795
1462	AAGW02082474	12802
1463	AAGW02082473	12807
1464	AAGW02082472	12811
1465	GL019953	12826
1466	AAGW02082471	12838
1467	AAGW02082470	12855
1468	GL019942	12892
1469	AAGW02082467	12905
1470	AAGW02082466	12943
1471	GL019947	12950
1472	AAGW02082465	12963
1473	AAGW02082464	13005
1474	AAGW02082463	13017
1475	GL019975	13017
1476	AAGW02082462	13020
1477	AAGW02082459	13056
1478	AAGW02082458	13060
1479	AAGW02082457	13062
1480	AAGW02082456	13089
1481	AAGW02082455	13092
1482	AAGW02082454	13092
1483	AAGW02082451	13192
1484	AAGW02082450	13204
1485	GL019941	13204
1486	AAGW02082449	13209
1487	AAGW02082447	13220
1488	AAGW02082448	13220
1489	AAGW02082446	13228
1490	AAGW02082443	13247
1491	AAGW02082442	13251
1492	AAGW02082441	13256
1493	AAGW02082440	13261
1494	AAGW02082439	13265
1495	AAGW02082438	13272
1496	AAGW02082437	13273
1497	AAGW02082436	13300
1498	AAGW02082435	13329
1499	AAGW02082434	13333
1500	AAGW02082433	13334
1501	AAGW02082432	13364
1502	AAGW02082431	13384
1503	AAGW02082430	13406
1504	GL019946	13409
1505	AAGW02082429	13412
1506	AAGW02082428	13423
1507	AAGW02082421	13453
1508	AAGW02082420	13467
1509	AAGW02082419	13503
1510	AAGW02082418	13565
1511	GL019940	13577
1512	AAGW02082414	13595
1513	AAGW02082413	13601
1514	AAGW02082412	13603
1515	AAGW02082411	13605
1516	AAGW02082410	13609
1517	GL019939	13612
1518	AAGW02082407	13656
1519	AAGW02082403	13665
1520	AAGW02082402	13678
1521	AAGW02082401	13692
1522	AAGW02082398	13706
1523	AAGW02082397	13752
1524	AAGW02082396	13763
1525	AAGW02082395	13807
1526	AAGW02082394	13816
1527	AAGW02082393	13831
1528	AAGW02082392	13870
1529	GL019933	13957
1530	AAGW02082391	13973
1531	AAGW02082390	13989
1532	AAGW02082389	13997
1533	AAGW02082383	14037
1534	GL019937	14045
1535	AAGW02082380	14050
1536	AAGW02082379	14056
1537	AAGW02082378	14084
1538	AAGW02082377	14093
1539	AAGW02082376	14096
1540	AAGW02082372	14108
1541	AAGW02082371	14114
1542	AAGW02082370	14115
1543	GL019951	14136
1544	AAGW02082369	14173
1545	AAGW02082368	14181
1546	AAGW02082365	14202
1547	AAGW02082364	14205
1548	AAGW02082363	14209
1549	AAGW02082362	14212
1550	AAGW02082361	14213
1551	AAGW02082360	14217
1552	AAGW02082356	14237
1553	AAGW02082354	14243
1554	AAGW02082355	14243
1555	AAGW02082353	14264
1556	AAGW02082352	14283
1557	GL019925	14300
1558	AAGW02082351	14305
1559	AAGW02082347	14315
1560	AAGW02082344	14338
1561	AAGW02082343	14351
1562	AAGW02082339	14358
1563	GL019934	14369
1564	AAGW02082338	14373
1565	GL019981	14389
1566	GL019948	14398
1567	AAGW02082334	14408
1568	AAGW02082333	14416
1569	AAGW02082330	14437
1570	GL019922	14443
1571	AAGW02082329	14445
1572	AAGW02082328	14449
1573	AAGW02082327	14475
1574	AAGW02082326	14475
1575	GL019938	14486
1576	AAGW02082325	14510
1577	GL019928	14513
1578	GL019919	14526
1579	GL019927	14537
1580	AAGW02082321	14540
1581	AAGW02082320	14565
1582	AAGW02082319	14566
1583	GL019936	14585
1584	GL019929	14587
1585	AAGW02082316	14591
1586	AAGW02082313	14631
1587	AAGW02082309	14641
1588	GL019944	14643
1589	GL019926	14696
1590	AAGW02082303	14709
1591	GL019931	14729
1592	GL019930	14745
1593	GL019917	14746
1594	GL019916	14792
1595	AAGW02082302	14798
1596	GL019915	14840
1597	AAGW02082299	14877
1598	AAGW02082298	14883
1599	AAGW02082297	14884
1600	GL019935	14927
1601	AAGW02082292	14938
1602	AAGW02082291	14942
1603	AAGW02082290	14949
1604	AAGW02082289	14966
1605	GL019912	14976
1606	AAGW02082288	15004
1607	AAGW02082285	15014
1608	AAGW02082284	15024
1609	AAGW02082283	15026
1610	AAGW02082282	15030
1611	AAGW02082281	15082
1612	AAGW02082278	15097
1613	AAGW02082277	15108
1614	AAGW02082276	15109
1615	GL019949	15140
1616	AAGW02082275	15145
1617	AAGW02082274	15195
1618	AAGW02082273	15204
1619	AAGW02082270	15208
1620	GL019961	15210
1621	AAGW02082269	15234
1622	GL019909	15236
1623	AAGW02082261	15279
1624	AAGW02082258	15310
1625	AAGW02082252	15334
1626	GL019908	15373
1627	GL019905	15373
1628	GL019932	15376
1629	GL019924	15403
1630	AAGW02082249	15405
1631	GL019911	15418
1632	GL019904	15437
1633	AAGW02082246	15476
1634	GL019914	15486
1635	AAGW02082245	15495
1636	AAGW02082242	15529
1637	GL019901	15541
1638	AAGW02082236	15548
1639	AAGW02082235	15558
1640	AAGW02082232	15580
1641	AAGW02082231	15589
1642	AAGW02082230	15601
1643	GL019900	15608
1644	AAGW02082229	15615
1645	AAGW02082228	15631
1646	AAGW02082227	15653
1647	AAGW02082226	15662
1648	GL019910	15678
1649	AAGW02082222	15689
1650	GL019902	15690
1651	AAGW02082219	15702
1652	AAGW02082218	15707
1653	AAGW02082217	15730
1654	AAGW02082212	15775
1655	AAGW02082211	15789
1656	AAGW02082210	15790
1657	AAGW02082209	15798
1658	AAGW02082208	15804
1659	AAGW02082207	15851
1660	AAGW02082206	15852
1661	AAGW02082203	15860
1662	AAGW02082202	15888
1663	AAGW02082199	15944
1664	AAGW02082198	15974
1665	AAGW02082195	16038
1666	AAGW02082191	16072
1667	AAGW02082188	16079
1668	AAGW02082187	16100
1669	GL019906	16100
1670	GL019892	16113
1671	GL019894	16114
1672	AAGW02082184	16137
1673	AAGW02082183	16142
1674	AAGW02082180	16161
1675	AAGW02082174	16182
1676	AAGW02082173	16198
1677	AAGW02082170	16244
1678	AAGW02082166	16308
1679	GL019893	16311
1680	AAGW02082163	16342
1681	GL019897	16350
1682	AAGW02082162	16363
1683	GL019891	16386
1684	GL019886	16387
1685	GL019884	16423
1686	AAGW02082161	16465
1687	AAGW02082160	16479
1688	AAGW02082159	16493
1689	AAGW02082158	16503
1690	GL019896	16527
1691	AAGW02082157	16545
1692	AAGW02082156	16551
1693	AAGW02082152	16594
1694	AAGW02082148	16625
1695	AAGW02082147	16636
1696	AAGW02082146	16638
1697	AAGW02082145	16653
1698	GL019913	16685
1699	AAGW02082139	16709
1700	AAGW02082138	16722
1701	AAGW02082137	16729
1702	AAGW02082136	16753
1703	AAGW02082132	16784
1704	AAGW02082131	16818
1705	AAGW02082130	16828
1706	AAGW02082127	16859
1707	AAGW02082126	16879
1708	AAGW02082123	16973
1709	GL019923	16990
1710	AAGW02082120	17017
1711	AAGW02082119	17031
1712	AAGW02082118	17032
1713	AAGW02082117	17033
1714	AAGW02082116	17063
1715	AAGW02082113	17119
1716	GL019898	17120
1717	AAGW02082112	17124
1718	AAGW02082111	17126
1719	AAGW02082110	17130
1720	GL019918	17130
1721	GL019877	17160
1722	AAGW02082108	17165
1723	AAGW02082109	17165
1724	AAGW02082107	17201
1725	AAGW02082106	17202
1726	GL019956	17204
1727	AAGW02082105	17222
1728	AAGW02082104	17232
1729	AAGW02082103	17233
1730	AAGW02082100	17251
1731	AAGW02082099	17284
1732	AAGW02082095	17298
1733	GL019889	17387
1734	GL019883	17393
1735	GL019879	17400
1736	AAGW02082090	17416
1737	AAGW02082089	17422
1738	GL019903	17447
1739	AAGW02082086	17460
1740	AAGW02082083	17464
1741	GL019890	17471
1742	GL019921	17473
1743	AAGW02082082	17488
1744	AAGW02082081	17490
1745	GL019875	17516
1746	AAGW02082080	17520
1747	AAGW02082079	17543
1748	AAGW02082078	17548
1749	GL019888	17551
1750	AAGW02082071	17654
1751	AAGW02082070	17656
1752	GL019873	17667
1753	GL019867	17728
1754	AAGW02082065	17749
1755	GL019878	17767
1756	AAGW02082064	17786
1757	GL019876	17789
1758	AAGW02082063	17793
1759	AAGW02082062	17800
1760	AAGW02082061	17806
1761	AAGW02082060	17830
1762	AAGW02082059	17832
1763	AAGW02082055	17857
1764	GL019885	17865
1765	AAGW02082054	17879
1766	AAGW02082053	17909
1767	GL019869	17915
1768	AAGW02082052	17925
1769	AAGW02082051	17936
1770	AAGW02082046	17976
1771	AAGW02082044	17993
1772	AAGW02082045	17993
1773	AAGW02082043	17994
1774	GL019868	17996
1775	AAGW02082042	18035
1776	AAGW02082039	18094
1777	AAGW02082032	18192
1778	AAGW02082031	18219
1779	GL019861	18226
1780	AAGW02082028	18257
1781	GL019870	18265
1782	GL019866	18278
1783	AAGW02082027	18301
1784	AAGW02082026	18323
1785	GL019882	18327
1786	AAGW02082022	18417
1787	GL019874	18445
1788	AAGW02082013	18522
1789	AAGW02082012	18538
1790	GL019855	18567
1791	AAGW02082005	18601
1792	AAGW02082002	18672
1793	AAGW02082001	18674
1794	AAGW02082000	18695
1795	AAGW02081999	18716
1796	GL019852	18733
1797	AAGW02081998	18761
1798	AAGW02081995	18768
1799	GL019859	18786
1800	AAGW02081994	18802
1801	AAGW02081993	18808
1802	AAGW02081992	18827
1803	AAGW02081991	18828
1804	AAGW02081990	18836
1805	GL019851	18874
1806	GL019895	18914
1807	GL019854	18932
1808	GL019862	18951
1809	AAGW02081979	18979
1810	AAGW02081976	18987
1811	GL019864	18994
1812	AAGW02081975	19000
1813	AAGW02081974	19001
1814	AAGW02081973	19013
1815	GL019871	19036
1816	AAGW02081969	19076
1817	AAGW02081970	19076
1818	AAGW02081968	19077
1819	GL019847	19119
1820	AAGW02081967	19124
1821	GL019850	19163
1822	AAGW02081960	19252
1823	GL019844	19261
1824	GL019843	19282
1825	AAGW02081959	19283
1826	AAGW02081958	19337
1827	AAGW02081957	19342
1828	AAGW02081948	19470
1829	GL019842	19486
1830	AAGW02081938	19490
1831	AAGW02081937	19515
1832	AAGW02081936	19540
1833	GL019845	19546
1834	GL019839	19557
1835	GL019846	19560
1836	AAGW02081935	19640
1837	AAGW02081934	19675
1838	AAGW02081927	19698
1839	AAGW02081926	19705
1840	AAGW02081925	19705
1841	GL019865	19829
1842	GL019858	19833
1843	GL019841	19844
1844	AAGW02081924	19859
1845	GL019907	19878
1846	AAGW02081921	19895
1847	AAGW02081920	19934
1848	GL019837	19941
1849	AAGW02081919	19943
1850	AAGW02081918	19955
1851	GL019872	19973
1852	AAGW02081907	20029
1853	AAGW02081906	20057
1854	AAGW02081905	20108
1855	GL019833	20131
1856	AAGW02081897	20146
1857	AAGW02081896	20151
1858	AAGW02081895	20185
1859	GL019848	20196
1860	AAGW02081894	20237
1861	AAGW02081893	20255
1862	AAGW02081892	20274
1863	AAGW02081888	20335
1864	GL019849	20394
1865	GL019828	20395
1866	AAGW02081883	20424
1867	AAGW02081878	20450
1868	GL019827	20455
1869	AAGW02081871	20461
1870	GL019836	20465
1871	AAGW02081866	20488
1872	GL019920	20540
1873	AAGW02081861	20567
1874	AAGW02081860	20586
1875	AAGW02081851	20637
1876	GL019818	20642
1877	GL019834	20702
1878	AAGW02081847	20718
1879	AAGW02081846	20746
1880	GL019830	20754
1881	GL019887	20848
1882	AAGW02081835	20855
1883	AAGW02081834	20863
1884	GL019813	21010
1885	GL019817	21028
1886	GL019810	21061
1887	AAGW02081822	21105
1888	GL019840	21147
1889	GL019856	21163
1890	GL019808	21163
1891	AAGW02081818	21166
1892	AAGW02081817	21175
1893	GL019819	21201
1894	AAGW02081816	21212
1895	AAGW02081815	21223
1896	GL019822	21272
1897	GL019857	21453
1898	AAGW02081808	21458
1899	GL019880	21469
1900	AAGW02081804	21556
1901	GL019881	21590
1902	GL019816	21607
1903	GL019829	21624
1904	GL019807	21634
1905	GL019805	21701
1906	AAGW02081790	21738
1907	AAGW02081789	21762
1908	GL019863	21886
1909	GL019823	21897
1910	AAGW02081770	21913
1911	AAGW02081764	21986
1912	AAGW02081763	22009
1913	AAGW02081760	22048
1914	AAGW02081759	22099
1915	AAGW02081752	22112
1916	AAGW02081749	22122
1917	GL019801	22126
1918	AAGW02081748	22156
1919	GL019838	22208
1920	GL019831	22227
1921	GL019789	22272
1922	AAGW02081745	22299
1923	GL019790	22348
1924	GL019787	22413
1925	GL019804	22439
1926	GL019786	22443
1927	GL019788	22455
1928	GL019782	22494
1929	GL019797	22540
1930	GL019826	22581
1931	GL019793	22586
1932	GL019832	22608
1933	GL019795	22616
1934	AAGW02081706	22649
1935	AAGW02081705	22657
1936	AAGW02081704	22684
1937	AAGW02081698	22700
1938	AAGW02081694	22763
1939	GL019785	22764
1940	GL019775	22777
1941	GL019794	22798
1942	GL019806	22802
1943	AAGW02081691	22820
1944	AAGW02081690	22846
1945	GL019780	22856
1946	AAGW02081686	22879
1947	AAGW02081685	22891
1948	AAGW02081684	22891
1949	GL019811	22893
1950	GL019777	22901
1951	AAGW02081676	22997
1952	GL019824	23002
1953	GL019792	23019
1954	GL019812	23029
1955	GL019776	23042
1956	GL019803	23099
1957	GL019784	23250
1958	GL019821	23297
1959	GL019760	23305
1960	AAGW02081653	23307
1961	GL019765	23335
1962	GL019779	23342
1963	GL019758	23376
1964	GL019764	23393
1965	AAGW02081638	23454
1966	GL019769	23461
1967	AAGW02081637	23500
1968	AAGW02081636	23513
1969	GL019756	23518
1970	AAGW02081629	23667
1971	AAGW02081624	23690
1972	GL019820	23698
1973	GL019763	23700
1974	GL019814	23719
1975	AAGW02081618	23867
1976	GL019748	23874
1977	AAGW02081617	23881
1978	GL019815	23909
1979	AAGW02081616	23927
1980	GL019757	24022
1981	GL019754	24100
1982	AAGW02081607	24147
1983	GL019753	24161
1984	GL019774	24165
1985	AAGW02081606	24198
1986	GL019759	24218
1987	AAGW02081601	24281
1988	AAGW02081600	24390
1989	GL019783	24469
1990	GL019762	24476
1991	GL019745	24532
1992	GL019772	24564
1993	GL019770	24564
1994	GL019791	24568
1995	AAGW02081594	24576
1996	AAGW02081593	24618
1997	GL019741	24627
1998	GL019749	24630
1999	GL019773	24689
2000	GL019853	24706
2001	GL019796	24749
2002	AAGW02081582	24765
2003	AAGW02081581	24796
2004	GL019798	24796
2005	GL019825	24829
2006	GL019738	24869
2007	AAGW02081578	24887
2008	AAGW02081577	24902
2009	AAGW02081576	24954
2010	GL019768	24986
2011	AAGW02081566	25053
2012	GL019737	25053
2013	AAGW02081550	25213
2014	AAGW02081549	25232
2015	GL019732	25318
2016	GL019736	25378
2017	GL019752	25420
2018	GL019734	25435
2019	GL019751	25488
2020	AAGW02081520	25538
2021	AAGW02081508	25718
2022	GL019744	25727
2023	GL019743	25741
2024	GL019722	25779
2025	AAGW02081504	25866
2026	GL019740	25879
2027	GL019720	25894
2028	GL019715	25948
2029	GL019719	25949
2030	GL019809	25970
2031	GL019733	26010
2032	AAGW02081500	26067
2033	GL019716	26090
2034	AAGW02081496	26151
2035	GL019742	26152
2036	GL019766	26157
2037	AAGW02081495	26182
2038	GL019729	26190
2039	AAGW02081494	26205
2040	AAGW02081491	26274
2041	GL019802	26288
2042	AAGW02081486	26292
2043	AAGW02081485	26298
2044	AAGW02081482	26328
2045	GL019712	26333
2046	GL019711	26376
2047	AAGW02081481	26392
2048	AAGW02081480	26398
2049	AAGW02081479	26405
2050	GL019728	26481
2051	AAGW02081473	26583
2052	GL019710	26608
2053	AAGW02081469	26680
2054	GL019747	26681
2055	GL019781	26778
2056	GL019755	26782
2057	GL019778	26839
2058	GL019731	26891
2059	AAGW02081456	26896
2060	GL019735	26902
2061	GL019730	26966
2062	GL019709	26993
2063	GL019724	27076
2064	AAGW02081438	27097
2065	GL019703	27108
2066	GL019714	27110
2067	GL019700	27191
2068	GL019771	27238
2069	GL019707	27280
2070	GL019726	27315
2071	AAGW02081425	27317
2072	AAGW02081422	27376
2073	GL019694	27431
2074	AAGW02081412	27526
2075	AAGW02081411	27532
2076	GL019704	27629
2077	AAGW02081406	27642
2078	AAGW02081405	27663
2079	AAGW02081404	27691
2080	GL019705	27717
2081	AAGW02081401	27942
2082	AAGW02081400	27955
2083	GL019689	27992
2084	GL019800	28050
2085	AAGW02081395	28241
2086	GL019713	28253
2087	GL019688	28257
2088	GL019687	28504
2089	GL019723	28543
2090	GL019693	28587
2091	AAGW02081368	28660
2092	AAGW02081364	28705
2093	GL019681	28709
2094	GL019692	28731
2095	GL019698	28748
2096	AAGW02081359	28761
2097	GL019675	28919
2098	AAGW02081354	28920
2099	GL019680	28923
2100	AAGW02081341	28969
2101	GL019690	28976
2102	GL019696	28997
2103	AAGW02081337	29036
2104	AAGW02081336	29119
2105	GL019699	29162
2106	GL019750	29174
2107	GL019701	29188
2108	AAGW02081335	29261
2109	AAGW02081327	29459
2110	AAGW02081306	29684
2111	AAGW02081305	29688
2112	AAGW02081304	29761
2113	AAGW02081303	29819
2114	GL019665	29862
2115	GL019664	29869
2116	GL019708	29940
2117	AAGW02081298	29947
2118	GL019669	29970
2119	GL019685	30097
2120	GL019663	30113
2121	GL019662	30222
2122	GL019683	30287
2123	GL019671	30302
2124	GL019706	30313
2125	AAGW02081282	30351
2126	GL019686	30353
2127	GL019702	30378
2128	GL019676	30386
2129	GL019674	30488
2130	GL019695	30567
2131	AAGW02081278	30578
2132	AAGW02081264	30747
2133	GL019654	30790
2134	GL019672	30803
2135	AAGW02081253	30827
2136	GL019666	30863
2137	GL019650	30942
2138	GL019659	30946
2139	GL019670	30983
2140	AAGW02081247	31023
2141	AAGW02081246	31062
2142	GL019657	31136
2143	GL019721	31205
2144	GL019761	31264
2145	GL019647	31265
2146	GL019717	31289
2147	AAGW02081239	31295
2148	AAGW02081238	31303
2149	AAGW02081237	31333
2150	GL019649	31336
2151	GL019658	31549
2152	GL019682	31551
2153	GL019651	31618
2154	GL019691	31638
2155	AAGW02081234	31639
2156	GL019677	31701
2157	GL019727	31746
2158	GL019660	31834
2159	AAGW02081222	31922
2160	GL019646	31926
2161	AAGW02081221	31939
2162	GL019652	31940
2163	GL019697	31963
2164	AAGW02081215	31993
2165	AAGW02081209	32066
2166	GL019643	32202
2167	GL019648	32251
2168	GL019653	32369
2169	AAGW02081206	32403
2170	GL019639	32615
2171	GL019634	32843
2172	AAGW02081169	32902
2173	GL019630	32913
2174	GL019661	32920
2175	GL019628	32959
2176	AAGW02081161	33031
2177	AAGW02081160	33050
2178	AAGW02081159	33135
2179	AAGW02081158	33150
2180	AAGW02081157	33216
2181	GL019645	33331
2182	AAGW02081156	33348
2183	GL019638	33460
2184	AAGW02081155	33487
2185	GL019655	33521
2186	AAGW02081154	33525
2187	AAGW02081147	33697
2188	AAGW02081146	33719
2189	GL019642	33902
2190	GL019631	33906
2191	GL019626	34022
2192	GL019644	34073
2193	AAGW02081136	34117
2194	GL019629	34155
2195	GL019640	34185
2196	GL019624	34253
2197	GL019625	34475
2198	AAGW02081123	34482
2199	AAGW02081122	34484
2200	GL019635	34517
2201	AAGW02081119	34602
2202	AAGW02081108	34932
2203	GL019618	34961
2204	GL019637	35403
2205	GL019615	35530
2206	GL019620	35615
2207	GL019622	35706
2208	AAGW02081081	35884
2209	GL019614	36078
2210	GL019602	36562
2211	GL019617	36653
2212	GL019684	36677
2213	GL019656	36771
2214	GL019607	36835
2215	GL019613	36955
2216	GL019621	37095
2217	GL019598	37123
2218	AAGW02081013	37143
2219	GL019633	37175
2220	AAGW02081012	37182
2221	GL019632	37318
2222	GL019604	37607
2223	GL019636	37733
2224	GL019601	37749
2225	GL019592	37785
2226	AAGW02080998	37816
2227	GL019610	38052
2228	AAGW02080980	38241
2229	GL019586	38344
2230	GL019611	38396
2231	GL019591	38459
2232	GL019585	38546
2233	GL019587	38547
2234	GL019619	38583
2235	GL019606	38813
2236	AAGW02080975	38900
2237	GL019589	38911
2238	AAGW02080967	39254
2239	GL019608	39276
2240	AAGW02080961	39408
2241	GL019590	39521
2242	AAGW02080952	39526
2243	GL019588	39680
2244	AAGW02080941	39686
2245	GL019616	39727
2246	GL019594	39742
2247	AAGW02080938	39757
2248	GL019584	39824
2249	GL019576	40103
2250	GL019600	40225
2251	AAGW02080908	40274
2252	GL019572	40312
2253	AAGW02080876	40459
2254	GL019577	40615
2255	GL019560	40762
2256	GL019575	40814
2257	AAGW02080837	41240
2258	GL019609	41283
2259	GL019580	41409
2260	GL019574	41507
2261	AAGW02080834	41537
2262	AAGW02080826	41612
2263	GL019561	41686
2264	GL019551	41862
2265	GL019554	41925
2266	GL019556	41958
2267	AAGW02080821	41997
2268	AAGW02080820	42064
2269	GL019593	42081
2270	GL019565	42138
2271	GL019579	42202
2272	AAGW02080791	42430
2273	GL019549	42439
2274	AAGW02080790	42511
2275	GL019569	42516
2276	GL019548	42574
2277	GL019767	42649
2278	GL019597	42655
2279	AAGW02080787	42686
2280	GL019568	42798
2281	GL019546	42827
2282	GL019550	42835
2283	GL019552	42937
2284	GL019547	42947
2285	GL019539	42991
2286	GL019612	43127
2287	GL019667	43212
2288	AAGW02080770	43350
2289	GL019555	43354
2290	AAGW02080764	43386
2291	GL019536	43402
2292	GL019543	43436
2293	GL019537	43599
2294	GL019603	43628
2295	AAGW02080755	43757
2296	GL019678	43875
2297	GL019571	43940
2298	AAGW02080735	44066
2299	AAGW02080734	44101
2300	GL019530	44135
2301	AAGW02080733	44141
2302	GL019541	44211
2303	AAGW02080727	44290
2304	GL019545	44303
2305	GL019583	44316
2306	GL019553	44469
2307	GL019564	44707
2308	GL019567	44722
2309	GL019542	44779
2310	GL019599	44986
2311	AAGW02080699	45074
2312	GL019563	45246
2313	AAGW02080695	45330
2314	GL019605	45330
2315	GL019526	45536
2316	GL019521	45746
2317	GL019538	45780
2318	GL019525	45853
2319	GL019516	45868
2320	GL019522	45975
2321	GL019679	46005
2322	GL019544	46013
2323	GL019540	46028
2324	GL019519	46051
2325	AAGW02080666	46084
2326	AAGW02080665	46116
2327	GL019582	46158
2328	GL019899	46172
2329	GL019517	46525
2330	GL019509	46708
2331	GL019533	46752
2332	GL019596	46941
2333	GL019562	46981
2334	GL019860	47111
2335	GL019535	47117
2336	GL019512	47391
2337	AAGW02080613	47471
2338	GL019523	47519
2339	GL019502	47538
2340	GL019513	47550
2341	GL019534	47567
2342	GL019673	47740
2343	AAGW02080608	47789
2344	GL019520	47886
2345	GL019799	47910
2346	AAGW02080545	48724
2347	GL019627	48947
2348	GL019488	49038
2349	AAGW02080517	49094
2350	GL019503	49150
2351	GL019491	49173
2352	AAGW02080516	49206
2353	GL019578	49267
2354	GL019718	49315
2355	GL019481	49334
2356	AAGW02080504	49455
2357	GL019479	49492
2358	GL019483	49493
2359	GL019492	49520
2360	GL019531	49774
2361	GL019506	49849
2362	GL019477	49851
2363	GL019498	49887
2364	GL019489	50232
2365	GL019527	50237
2366	GL019510	50299
2367	GL019487	50362
2368	AAGW02080481	50381
2369	GL019501	50441
2370	GL019507	50597
2371	GL019570	50598
2372	GL019524	50874
2373	GL019518	50877
2374	GL019573	51268
2375	GL019465	51331
2376	AAGW02080442	51453
2377	GL019515	51467
2378	GL019474	51529
2379	GL019559	51618
2380	GL019482	51631
2381	GL019471	51637
2382	GL019478	51789
2383	GL019529	51931
2384	GL019475	51971
2385	AAGW02080430	52004
2386	GL019494	52150
2387	GL019473	52264
2388	GL019532	52298
2389	GL019835	52534
2390	GL019508	52555
2391	GL019467	52745
2392	GL019490	53046
2393	GL019463	53218
2394	AAGW02080385	53235
2395	GL019497	53418
2396	GL019514	53437
2397	GL019451	53473
2398	GL019484	53520
2399	GL019499	53533
2400	GL019466	53609
2401	GL019739	53880
2402	GL019445	54008
2403	GL019457	54027
2404	AAGW02080327	54137
2405	GL019486	54149
2406	GL019460	54179
2407	AAGW02080326	54301
2408	GL019476	54483
2409	GL019504	54531
2410	GL019528	54567
2411	GL019496	54711
2412	GL019459	54897
2413	GL019464	55143
2414	GL019557	55222
2415	GL019439	55285
2416	AAGW02080250	55319
2417	GL019432	55362
2418	AAGW02080240	55465
2419	AAGW02080234	55516
2420	GL019725	55588
2421	GL019440	55703
2422	GL019436	55738
2423	AAGW02080218	55830
2424	AAGW02080217	55846
2425	GL019558	55882
2426	GL019425	56018
2427	GL019449	56174
2428	GL019447	56258
2429	GL019480	56275
2430	AAGW02080168	56471
2431	GL019431	56523
2432	GL019470	56569
2433	GL019437	56726
2434	GL019441	56780
2435	GL019456	56924
2436	GL019455	57139
2437	GL019443	57152
2438	GL019641	57291
2439	GL019420	57420
2440	AAGW02080103	57722
2441	AAGW02080094	58007
2442	GL019419	58092
2443	GL019405	58126
2444	GL019415	58347
2445	GL019454	58448
2446	GL019461	58498
2447	GL019435	58640
2448	GL019403	58705
2449	AAGW02080085	58743
2450	GL019448	58762
2451	GL019411	59098
2452	GL019433	59152
2453	AAGW02080074	59322
2454	GL019424	59359
2455	GL019426	59384
2456	GL019469	59413
2457	GL019453	59424
2458	GL019398	59464
2459	GL019417	59622
2460	GL019401	59729
2461	AAGW02080057	59892
2462	GL019404	59952
2463	GL019595	59972
2464	GL019428	60121
2465	GL019423	60317
2466	GL019402	60674
2467	GL019395	60788
2468	GL019468	61105
2469	GL019746	61328
2470	AAGW02079997	61654
2471	GL019388	61763
2472	GL019392	61830
2473	GL019410	62108
2474	GL019429	62494
2475	GL019414	62617
2476	GL019581	62737
2477	GL019495	62740
2478	GL019382	62774
2479	GL019444	62780
2480	GL019393	62864
2481	GL019409	62907
2482	GL019442	62937
2483	GL019387	63002
2484	AAGW02079977	63113
2485	GL019385	63166
2486	GL019446	63373
2487	GL019430	63453
2488	GL019390	63465
2489	GL019566	63542
2490	GL019623	63598
2491	GL019376	63655
2492	GL019493	63660
2493	GL019406	63682
2494	GL019379	63724
2495	GL019462	63892
2496	GL019391	64013
2497	GL019383	64055
2498	GL019427	64064
2499	GL019399	64129
2500	GL019380	64208
2501	GL019378	64219
2502	GL019505	64277
2503	AAGW02079954	64289
2504	GL019373	64340
2505	GL019422	64738
2506	GL019365	65056
2507	GL019368	65066
2508	GL019384	65074
2509	GL019371	65094
2510	AAGW02079913	65376
2511	GL019370	65519
2512	GL019367	65588
2513	GL019400	65634
2514	GL019511	65670
2515	GL019366	65954
2516	GL019389	65979
2517	GL019358	66430
2518	GL019362	66669
2519	GL019668	66683
2520	GL019357	66710
2521	GL019458	66787
2522	AAGW02079860	66837
2523	GL019396	66866
2524	GL019369	67396
2525	GL019472	67488
2526	GL019363	68104
2527	GL019452	68214
2528	GL019412	69107
2529	AAGW02079814	69345
2530	GL019485	69554
2531	GL019413	69735
2532	GL019350	69899
2533	GL019397	70205
2534	GL019345	70534
2535	GL019347	70888
2536	GL019355	71018
2537	GL019374	71287
2538	GL019343	71584
2539	GL019434	71748
2540	GL019348	71750
2541	AAGW02079742	71839
2542	GL019354	71998
2543	GL019351	72107
2544	GL019356	72230
2545	GL019407	72275
2546	GL019372	72474
2547	GL019394	72531
2548	GL019335	72640
2549	GL019334	72826
2550	GL019342	73034
2551	GL019360	73448
2552	AAGW02079709	73507
2553	GL019418	73604
2554	GL019361	73800
2555	GL019332	73802
2556	GL019346	74097
2557	GL019364	74422
2558	GL019377	74631
2559	GL019416	74780
2560	GL019450	74894
2561	AAGW02079688	74942
2562	GL019337	75047
2563	GL019324	75129
2564	GL019322	75430
2565	GL019408	75520
2566	GL019344	75748
2567	GL019331	76138
2568	AAGW02079674	76269
2569	GL019336	76307
2570	AAGW02079667	76328
2571	AAGW02079658	76562
2572	AAGW02079657	76569
2573	AAGW02079656	76610
2574	GL019421	76915
2575	GL019328	77491
2576	GL019323	77498
2577	GL019319	77551
2578	GL019338	77667
2579	GL019330	77708
2580	GL019315	77841
2581	GL019359	78217
2582	GL019353	78438
2583	GL019321	78496
2584	GL019316	78610
2585	GL019327	78626
2586	GL019317	78928
2587	GL019375	79170
2588	GL019349	79507
2589	AAGW02079588	80385
2590	GL019311	80506
2591	AAGW02079587	80569
2592	GL019307	80800
2593	GL019305	81277
2594	GL019318	81503
2595	GL019326	81722
2596	GL019340	82042
2597	GL019301	82070
2598	GL019333	82166
2599	AAGW02079515	82703
2600	GL019309	82933
2601	GL019339	82952
2602	GL019304	83145
2603	GL019303	83214
2604	GL019312	83238
2605	GL019296	83603
2606	GL019297	84088
2607	AAGW02079469	84615
2608	GL019438	84624
2609	GL019291	84653
2610	AAGW02079465	84784
2611	AAGW02079457	84855
2612	GL019299	85234
2613	GL019302	86283
2614	GL019293	86361
2615	GL019284	86927
2616	GL019300	87122
2617	GL019281	87198
2618	GL019289	87749
2619	AAGW02079371	87874
2620	GL019310	88025
2621	GL019325	88119
2622	GL019308	88228
2623	GL019329	88536
2624	GL019276	88831
2625	GL019352	88987
2626	GL019279	89246
2627	GL019271	89743
2628	GL019280	90186
2629	GL019285	90196
2630	GL019295	90359
2631	AAGW02079327	90731
2632	GL019277	91004
2633	GL019270	91238
2634	AAGW02079307	91682
2635	GL019298	92267
2636	GL019268	92417
2637	GL019314	92708
2638	GL019265	92728
2639	GL019381	92871
2640	GL019269	93068
2641	GL019273	93072
2642	GL019283	93365
2643	GL019287	93611
2644	GL019274	93641
2645	GL019275	94439
2646	GL019290	94544
2647	AAGW02079242	94623
2648	GL019264	95262
2649	GL019272	95263
2650	AAGW02079214	95320
2651	GL019254	96091
2652	GL019251	96131
2653	GL019500	96271
2654	GL019263	96347
2655	AAGW02079182	96397
2656	AAGW02079181	96430
2657	AAGW02079180	96534
2658	GL019247	96757
2659	AAGW02079168	96988
2660	GL019256	97100
2661	GL019260	97284
2662	GL019262	97522
2663	GL019258	97534
2664	GL019248	97556
2665	GL019252	97705
2666	GL019245	97722
2667	GL019243	97796
2668	GL019267	97919
2669	GL019294	97951
2670	AAGW02079147	97990
2671	GL019282	98075
2672	GL019241	98088
2673	GL019266	98091
2674	GL019244	98670
2675	GL019239	98708
2676	GL019306	99252
2677	GL019246	99308
2678	GL019292	99642
2679	GL019255	100375
2680	GL019261	100523
2681	GL019250	100819
2682	GL019240	100982
2683	AAGW02079106	101026
2684	GL019257	101231
2685	GL019238	101500
2686	GL019313	101776
2687	GL019231	103096
2688	GL019237	103416
2689	GL019233	103851
2690	GL019249	104488
2691	GL019235	104580
2692	GL019259	104946
2693	GL019224	105822
2694	GL019229	106010
2695	GL019236	106155
2696	AAGW02078982	106498
2697	GL019232	106563
2698	GL019210	108523
2699	GL019214	108837
2700	GL019227	109424
2701	GL019234	109703
2702	GL019220	109814
2703	GL019386	110231
2704	GL019211	111149
2705	GL019221	111151
2706	GL019217	111472
2707	GL019208	111576
2708	GL019205	112540
2709	GL019215	112770
2710	GL019207	114351
2711	GL019202	116068
2712	GL019286	116521
2713	GL019190	117185
2714	AAGW02078775	117269
2715	GL019198	117843
2716	GL019222	117911
2717	GL019253	118113
2718	GL019195	118240
2719	GL019288	118457
2720	GL019199	118596
2721	GL019189	119290
2722	GL019188	119548
2723	GL019278	120098
2724	GL019201	120290
2725	GL019228	120391
2726	GL019197	120485
2727	GL019209	120521
2728	GL019204	121010
2729	GL019226	122750
2730	GL019242	122979
2731	GL019192	123711
2732	GL019184	124438
2733	GL019218	125614
2734	GL019185	126005
2735	GL019176	126367
2736	GL019230	126764
2737	GL019193	127346
2738	GL019175	127558
2739	GL019179	128190
2740	GL019181	128397
2741	GL019213	128850
2742	GL019206	129833
2743	GL019171	130691
2744	GL019178	131016
2745	GL019169	131533
2746	GL019183	131772
2747	AAGW02078537	132808
2748	GL019177	133969
2749	GL019164	134098
2750	GL019165	134231
2751	GL019168	134607
2752	GL019167	134657
2753	GL019187	135018
2754	GL019174	135422
2755	GL019212	136252
2756	GL019158	137024
2757	GL019161	137074
2758	GL019196	137855
2759	GL019216	137899
2760	GL019166	138172
2761	GL019170	138640
2762	GL019157	139311
2763	GL019149	139324
2764	GL019145	139370
2765	GL019182	139425
2766	GL019162	140299
2767	GL019147	140932
2768	GL019200	141096
2769	GL019172	141332
2770	AAGW02078230	141946
2771	GL019154	142860
2772	GL019163	142873
2773	GL019155	143211
2774	GL019150	143423
2775	GL019194	143692
2776	GL019146	144554
2777	GL019137	144703
2778	GL019160	144779
2779	GL019153	145032
2780	GL019132	145535
2781	GL019136	146021
2782	GL019131	146275
2783	GL019142	146287
2784	GL019191	147351
2785	GL019148	147895
2786	GL019151	148166
2787	GL019144	148361
2788	GL019180	149117
2789	GL019135	149950
2790	GL019173	150105
2791	GL019203	150557
2792	GL019117	151114
2793	GL019159	151609
2794	GL019138	153905
2795	GL019118	154793
2796	GL019115	156353
2797	GL019143	156916
2798	GL019125	157054
2799	GL019120	157626
2800	GL019129	157887
2801	GL019124	158469
2802	GL019134	158679
2803	GL019107	161169
2804	GL019127	161558
2805	GL019119	163485
2806	GL019156	164977
2807	GL019121	166360
2808	GL019122	166449
2809	GL019112	166707
2810	GL019114	166725
2811	AAGW02077833	166872
2812	GL019099	166925
2813	GL019097	168426
2814	GL019108	168649
2815	GL019105	169806
2816	GL019109	169983
2817	GL019100	170646
2818	GL019101	171269
2819	GL019094	171866
2820	GL019111	171919
2821	GL019128	171979
2822	GL019130	172468
2823	GL019098	175054
2824	GL019092	177111
2825	GL019133	177735
2826	GL019090	177748
2827	GL019089	178399
2828	GL019104	178882
2829	GL019087	179452
2830	GL019141	179805
2831	GL019093	180943
2832	GL019102	181819
2833	GL019082	182517
2834	GL019080	182623
2835	GL019085	182892
2836	GL019083	185092
2837	GL019081	185195
2838	GL019073	187187
2839	GL019072	187862
2840	GL019091	188503
2841	GL019088	190382
2842	GL019152	190423
2843	GL019077	190959
2844	GL019139	194295
2845	GL019079	195033
2846	GL019066	196526
2847	GL019071	196740
2848	GL019320	197425
2849	GL019084	198899
2850	GL019067	200706
2851	GL019113	201426
2852	GL019140	201710
2853	GL019063	203155
2854	GL019075	204101
2855	GL019056	204766
2856	GL019103	205233
2857	GL019070	205348
2858	GL019057	205414
2859	GL019068	207068
2860	GL019064	207091
2861	GL019055	208624
2862	GL019054	208638
2863	GL019060	210305
2864	GL019096	210757
2865	GL019062	212013
2866	GL019076	212876
2867	GL019046	215483
2868	AAGW02077230	216051
2869	GL019050	218320
2870	GL019043	218638
2871	GL019045	218694
2872	GL019049	218866
2873	GL019074	219564
2874	GL019048	219630
2875	GL019341	219684
2876	GL019051	224869
2877	GL019053	225028
2878	GL019041	226169
2879	GL019044	227053
2880	GL019040	227079
2881	GL019065	228370
2882	GL019029	228799
2883	GL019058	229295
2884	GL019031	230350
2885	GL019219	231465
2886	GL019225	232398
2887	GL019030	238318
2888	GL019027	238549
2889	GL019042	238712
2890	GL019034	238826
2891	GL019059	239792
2892	GL019028	239902
2893	GL019035	240786
2894	GL019069	242719
2895	GL019032	242861
2896	GL019024	244752
2897	GL019106	245216
2898	GL019223	245319
2899	GL019186	246194
2900	GL019017	246242
2901	GL019047	247428
2902	GL019110	247568
2903	GL019039	247762
2904	GL019018	248675
2905	GL019126	249440
2906	GL019019	252097
2907	GL019021	252537
2908	GL019013	255788
2909	GL019016	257668
2910	GL019009	259833
2911	GL019007	259960
2912	GL019037	264947
2913	GL019123	265548
2914	GL018998	266600
2915	GL019004	267680
2916	GL019000	270227
2917	GL019023	270339
2918	GL019003	270375
2919	GL018995	272723
2920	GL019095	272875
2921	GL019005	278674
2922	GL019002	278756
2923	GL019010	279267
2924	GL018990	279930
2925	GL018993	282206
2926	GL018989	282669
2927	GL018992	288293
2928	GL019033	288633
2929	AAGW02076170	288718
2930	GL018981	289602
2931	GL019116	290270
2932	GL019086	291127
2933	GL018999	291431
2934	GL018988	291730
2935	GL018996	293404
2936	GL018985	294012
2937	GL019006	296074
2938	GL019011	296745
2939	GL018986	296910
2940	GL018982	297997
2941	GL019026	299444
2942	GL019015	299706
2943	GL018971	303951
2944	GL019078	305139
2945	GL019052	305376
2946	GL018976	305990
2947	GL018972	306030
2948	GL018983	306135
2949	GL018973	307073
2950	GL018967	309810
2951	GL019008	310523
2952	GL018961	312283
2953	GL018975	313347
2954	GL019012	314451
2955	GL019014	314838
2956	GL018980	315683
2957	GL018958	316904
2958	GL018974	318877
2959	GL018965	319267
2960	GL018969	321748
2961	GL018955	322388
2962	GL018963	323064
2963	GL018968	324334
2964	GL018956	327937
2965	GL018957	329287
2966	GL018962	329791
2967	GL018991	330290
2968	GL018964	335086
2969	GL018994	337789
2970	GL018948	338366
2971	GL018960	341666
2972	GL018987	342155
2973	GL018952	344976
2974	GL018949	345079
2975	GL018954	351627
2976	GL018950	352109
2977	GL018979	353077
2978	GL018977	353248
2979	GL018984	353492
2980	GL018943	360449
2981	GL018970	362023
2982	GL018946	362585
2983	GL018953	362617
2984	GL018944	363945
2985	GL018937	364097
2986	GL018940	364963
2987	GL018997	372349
2988	GL018942	375673
2989	GL019001	377253
2990	GL019022	377412
2991	GL018951	378319
2992	GL018945	380127
2993	GL019036	380789
2994	GL018947	383068
2995	GL018939	383229
2996	GL018941	384480
2997	GL019020	386965
2998	GL018959	390651
2999	GL018931	392443
3000	GL018927	397044
3001	GL018928	399838
3002	GL018932	400091
3003	GL018933	401537
3004	GL018926	402175
3005	GL018930	402426
3006	GL018936	407822
3007	GL018923	409714
3008	GL018929	411742
3009	GL018918	411751
3010	GL019025	414911
3011	GL018978	415988
3012	GL018910	419706
3013	GL018912	422373
3014	GL018920	422684
3015	GL018916	423532
3016	GL018914	426691
3017	GL018924	427045
3018	GL018915	427691
3019	GL019061	431909
3020	GL018908	432161
3021	GL018966	433379
3022	GL018934	438693
3023	GL018906	440353
3024	GL018902	443426
3025	GL019038	446509
3026	GL018909	449196
3027	GL018911	460747
3028	GL018935	466235
3029	GL018897	477758
3030	GL018913	478022
3031	GL018889	484298
3032	GL018896	484949
3033	GL018895	485638
3034	GL018892	485655
3035	GL018919	487052
3036	GL018898	487845
3037	GL018886	490365
3038	GL018907	490636
3039	GL018894	491810
3040	GL018890	494640
3041	GL018938	500451
3042	GL018904	506393
3043	GL018891	508009
3044	GL018899	517741
3045	GL018884	519804
3046	GL018893	520116
3047	GL018901	520597
3048	GL018883	524045
3049	GL018922	529108
3050	GL018882	533469
3051	GL018903	533676
3052	GL018881	544012
3053	GL018917	544747
3054	GL018905	554071
3055	GL018880	557480
3056	GL018874	557607
3057	GL018878	560259
3058	GL018921	562182
3059	GL018888	563273
3060	GL018873	571908
3061	GL018900	574424
3062	GL018876	577984
3063	GL018871	584792
3064	GL018925	588789
3065	GL018885	594140
3066	GL018868	594256
3067	GL018863	595215
3068	GL018875	597847
3069	GL018867	597939
3070	GL018860	601335
3071	GL018864	611413
3072	GL018861	611938
3073	GL018858	612083
3074	GL018859	612182
3075	GL018866	615524
3076	GL018879	616689
3077	GL018870	625076
3078	GL018869	638014
3079	GL018852	643000
3080	GL018853	644897
3081	GL018857	645466
3082	GL018850	652566
3083	GL018862	660382
3084	GL018865	663941
3085	GL018855	671117
3086	GL018849	677194
3087	GL018846	691702
3088	GL018851	692640
3089	GL018877	695312
3090	GL018887	695759
3091	GL018872	700076
3092	GL018847	709480
3093	GL018845	709936
3094	GL018848	718166
3095	GL018843	718386
3096	GL018842	727262
3097	GL018844	734255
3098	GL018854	736287
3099	GL018856	745422
3100	GL018840	763600
3101	GL018837	769394
3102	GL018836	771210
3103	GL018838	777151
3104	GL018841	799640
3105	GL018835	812274
3106	GL018834	817644
3107	GL018831	819185
3108	GL018830	838382
3109	GL018824	844703
3110	GL018833	848867
3111	GL018823	851866
3112	GL018828	859581
3113	GL018825	875022
3114	GL018827	877054
3115	GL018819	891850
3116	GL018829	893225
3117	GL018822	901664
3118	GL018839	909958
3119	GL018820	910185
3120	GL018826	922215
3121	GL018816	928860
3122	GL018815	936934
3123	GL018813	940520
3124	GL018817	947161
3125	GL018814	948018
3126	GL018821	960125
3127	GL018810	960476
3128	GL018812	964430
3129	GL018811	974419
3130	GL018807	981750
3131	GL018802	1000506
3132	GL018832	1002905
3133	GL018808	1014670
3134	GL018801	1019757
3135	GL018803	1021025
3136	GL018809	1022565
3137	GL018806	1022575
3138	GL018804	1032594
3139	GL018800	1035676
3140	GL018818	1043626
3141	GL018798	1050750
3142	GL018797	1052913
3143	GL018795	1067461
3144	GL018793	1071538
3145	GL018791	1081106
3146	GL018794	1082042
3147	GL018805	1087329
3148	GL018799	1104258
3149	GL018788	1107004
3150	GL018790	1109196
3151	GL018789	1112688
3152	GL018787	1113411
3153	GL018784	1131163
3154	GL018783	1146635
3155	GL018780	1147153
3156	GL018796	1156787
3157	GL018778	1157137
3158	GL018792	1164262
3159	GL018786	1165285
3160	GL018779	1166848
3161	GL018781	1168253
3162	GL018782	1171746
3163	GL018777	1187392
3164	GL018785	1191687
3165	GL018776	1207509
3166	GL018775	1217826
3167	GL018771	1225893
3168	GL018770	1279700
3169	GL018773	1295358
3170	GL018774	1299260
3171	GL018769	1312651
3172	GL018768	1335702
3173	GL018767	1378268
3174	GL018766	1396388
3175	GL018765	1414822
3176	GL018772	1456394
3177	GL018764	1474860
3178	GL018762	1503878
3179	GL018763	1506796
3180	GL018761	1546167
3181	GL018760	1602899
3182	GL018759	1610157
3183	GL018756	1691152
3184	GL018757	1700645
3185	GL018758	1734957
3186	GL018755	1735093
3187	GL018753	1777580
3188	GL018754	1825906
3189	GL018751	1879513
3190	GL018750	1958842
3191	GL018749	2006438
3192	GL018752	2008236
3193	GL018747	2041368
3194	GL018746	2067550
3195	GL018748	2148096
3196	GL018745	2199458
3197	GL018743	2209796
3198	GL018742	2210801
3199	GL018744	2220855
3200	GL018739	2331373
3201	GL018741	2352391
3202	GL018737	2374666
3203	GL018740	2398104
3204	GL018738	2467173
3205	GL018736	2467970
3206	GL018735	2586821
3207	GL018733	2610161
3208	GL018734	2613145
3209	GL018732	2624217
3210	GL018729	2696808
3211	GL018731	2715061
3212	GL018728	2762230
3213	GL018730	2831799
3214	GL018727	2880289
3215	GL018726	3196474
3216	GL018722	3399777
3217	GL018725	3407339
3218	GL018721	3419770
3219	GL018724	3456190
3220	GL018723	3524111
3221	GL018720	3856598
3222	GL018718	3916169
3223	GL018716	3946108
3224	GL018717	3992494
3225	GL018715	4024058
3226	GL018719	4028765
3227	GL018714	4100111
3228	GL018713	4375787
3229	GL018712	4460581
3230	GL018711	4487093
3231	GL018710	4701477
3232	GL018709	4836177
3233	GL018708	4921390
3234	GL018707	5429729
3235	GL018706	5787221
3236	GL018705	6124611
3237	GL018704	6663442
3238	GL018703	6940555
3239	GL018702	7969563
3240	GL018701	8543514
3241	GL018700	13461802
3242	GL018699	14171072
